Employee_ID,Name,Age,Department,Salary,Experience_Years,City,Performance_Score,Joining_Year
1,Grace Clark,31,Sales,119607,1,North Rachel,2.55,2016
2,Richard Morgan,52,Marketing,74504,31,Port Alexis,3.39,2024
3,Christopher Johnson,27,HR,73675,9,Billyfurt,2.36,2015
4,David Clements,46,Finance,78763,31,East Lucas,4.67,2020
5,John Hall,45,Marketing,136251,12,North Allenfort,2.31,2010
6,Gwendolyn Rhodes,27,Operations,63632,15,Bryanstad,1.84,2023
7,Paul Hammond,48,Sales,46834,7,Markfort,4.44,2023
8,Erica Greer,35,IT,65858,18,Rachelchester,2.84,2009
9,Alan Taylor,53,Finance,58340,19,Vickiport,3.04,2011
10,Joshua Larson,23,HR,28545,10,Campbellstad,4.59,2015
11,Austin Peterson,29,Finance,130810,1,Martinezbury,4.54,2007
12,Keith Mclean,22,Operations,139910,14,New Shawnmouth,1.26,2015
13,Bonnie Williams,43,Sales,55506,29,Lake Rebeccaland,4.27,2015
14,Maria Johnson,27,Finance,115204,18,New Raymondside,3.35,2022
15,Keith Kim MD,45,HR,105851,22,Evansport,3.09,2022
16,Joshua Carrillo,35,IT,44068,28,North Elizabeth,3.59,2019
17,Nancy Johnson,54,Sales,37058,31,Jacksonstad,1.61,2019
18,Brian Landry,25,Operations,43671,21,West Apriltown,4.17,2008
19,Michael Greene,40,Finance,64100,5,Walkerside,3.45,2013
20,Julia Orr,34,Sales,67082,9,Janethaven,2.14,2026
21,Renee Glover,37,Marketing,140166,13,Lake Jenniferberg,3.5,2018
22,Michelle Henson,39,Finance,32700,35,Wolfeberg,3.4,2010
23,Erik Williamson,26,Marketing,45450,13,Lake Amy,2.77,2026
24,Christopher Johnson,36,IT,148010,3,West John,3.89,2017
25,Laura Ayala,46,Sales,31880,12,West Kendra,4.14,2020
26,Marcus Torres,38,Operations,43523,32,West Stephanietown,2.28,2025
27,Brian Salas,25,Sales,141317,12,West Samuel,2.46,2023
28,Douglas Gomez,28,Finance,107702,25,Tranchester,3.79,2023
29,Mary Stokes,28,IT,51940,22,West Ryanville,4.85,2005
30,Valerie Hardy,29,Sales,55619,35,West Nathanielmouth,2.33,2005
31,Michelle Griffin,54,Sales,144223,20,Karenchester,4.57,2009
32,John Mcintosh,60,Finance,78109,22,Marilynborough,2.52,2010
33,Mark Berry,45,Finance,139798,6,Donaldbury,3.17,2005
34,Deborah Thomas,43,HR,77741,3,East Bonnie,3.33,2013
35,Mrs. Olivia Butler DVM,53,Operations,91025,19,Sparksville,3.33,2022
36,Tracy Riley,23,Sales,133277,7,Lindachester,4.34,2008
37,Douglas Buckley,34,Finance,26629,12,South Nataliehaven,3.24,2010
38,Joseph Payne,44,Marketing,37824,5,Lake Kelliefurt,3.32,2006
39,Erik Smith,23,Marketing,109471,8,Tammystad,1.34,2020
40,Heather Patton,57,Sales,81143,26,Brianshire,3.77,2010
41,Christine Patrick,50,IT,65554,9,New Aaronfurt,3.64,2011
42,Diana Mitchell,50,Operations,43177,9,North Tarahaven,4.87,2011
43,Kathryn Lee,32,HR,62057,17,Leeburgh,4.86,2018
44,Tammy Cohen,60,HR,125713,30,West Yvonneview,1.86,2009
45,Mary Robinson,56,IT,47123,5,Lake Linda,2.51,2012
46,Diana Rivera,22,Finance,25957,34,West Elizabethhaven,1.77,2007
47,Crystal Wright,28,IT,125557,13,West Karenport,1.56,2022
48,Erin Maldonado,53,HR,103561,17,Angelashire,1.93,2013
49,Michael Cochran,46,Marketing,99188,33,West Elizabeth,2.95,2018
50,Samuel Knight,25,Sales,43754,10,New Daniel,3.47,2008
51,Andrea Gomez,23,Marketing,65776,35,Amberborough,1.63,2021
52,Jasmin Farrell,31,Marketing,146050,26,Fritzport,4.25,2009
53,Brian Lewis,53,HR,123604,6,Bakermouth,2.21,2009
54,Miguel Lawrence,25,Marketing,107720,28,Webbburgh,1.36,2023
55,Justin Woods,46,Finance,105134,30,Lake Kevinside,3.77,2007
56,James Lawson,25,Sales,108718,7,Washingtonview,4.12,2019
57,Margaret Arellano,58,Marketing,54529,26,Burkehaven,1.55,2024
58,Nancy Castillo,33,Operations,130034,27,Colonhaven,3.02,2024
59,Michael Cardenas,46,HR,106785,15,North Jacobport,3.87,2012
60,Evan Stone,21,HR,136384,0,South Desiree,3.39,2015
61,Anthony Arroyo,27,HR,142680,25,Port Debramouth,4.51,2014
62,Javier Carroll,52,Finance,45161,34,Burnston,1.08,2013
63,Daniel Beard,25,Operations,27101,3,New Erica,3.02,2009
64,Wanda Young,30,IT,52657,0,West Jessicastad,4.35,2024
65,Cynthia Stephenson,60,HR,30102,30,East Courtneyview,1.92,2020
66,Denise Cameron,32,HR,68500,10,North Tammyton,1.36,2020
67,Kenneth Holmes,45,Operations,92329,30,North Sarah,2.85,2008
68,Kevin Hensley,40,Sales,119125,3,Port John,4.27,2005
69,Krystal Love,34,IT,66194,7,East Danielchester,3.11,2024
70,Kimberly Peterson,31,HR,62102,18,Youngland,2.04,2020
71,Teresa Harris,53,IT,130685,6,Jamesstad,1.5,2017
72,Victoria Vasquez,52,Finance,109910,5,New Justin,1.21,2006
73,Nicholas Clarke,56,HR,84135,7,South Craigstad,1.74,2026
74,Darius Delgado,49,Finance,52400,4,Jessicachester,3.48,2016
75,David Finley,45,HR,66617,18,Robertville,3.47,2024
76,Alexander Brown,43,Finance,91524,22,Lake Jeremy,2.29,2024
77,Barbara Lopez,52,HR,147624,0,Port Brandon,2.42,2017
78,Paula Guerrero,43,IT,104654,35,Lake Charles,2.64,2015
79,Melissa Edwards,47,Sales,63765,21,Faulknermouth,1.9,2016
80,Jessica Trujillo,40,HR,59080,28,South Peterbury,1.64,2010
81,James Coleman,42,Marketing,86286,3,East Melissastad,4.42,2022
82,Scott Smith,37,Finance,86561,9,Lake John,3.5,2010
83,Ronald Doyle,38,HR,37583,3,South Jacquelinemouth,3.07,2012
84,Leon Price,32,Marketing,73186,12,Erikport,2.2,2009
85,Elizabeth Carrillo,29,IT,27271,24,Joshuaport,2.92,2026
86,Jane Wilson,34,HR,72343,9,Hardyborough,1.12,2018
87,Nicolas Willis,31,Finance,33594,7,Keithland,4.55,2020
88,Kimberly White,31,Operations,84856,26,Ruizport,1.4,2015
89,Scott Estes,59,IT,103575,27,Hallview,3.76,2024
90,Alex Pollard,42,Marketing,112071,24,West Alexanderfort,3.25,2016
91,Erica Watkins,35,Operations,98257,35,Jonesmouth,4.17,2015
92,Jonathan Becker,38,Marketing,38414,8,Danielleport,2.53,2019
93,Michael Shaw,29,Operations,147810,6,New James,4.71,2021
94,Brianna Ingram,44,IT,137962,19,New Craig,2.14,2018
95,Tiffany Miller,43,IT,115008,19,Sanchezmouth,3.47,2018
96,Susan Brewer,33,Finance,143823,27,North Lawrencetown,3.14,2015
97,Jessica Allen,26,Operations,40822,16,West Tonya,4.4,2009
98,Derek Lewis,50,Finance,44568,14,South Jessicaburgh,3.97,2012
99,Kara Hudson,42,Marketing,48594,25,New Lauren,4.78,2013
100,Luis Lopez MD,33,HR,65514,20,Johnfort,2.06,2006
101,Tonya Ramirez,26,Marketing,84144,24,North Chelsea,1.68,2017
102,Dr. Daniel Villarreal II,41,Operations,73769,2,Michaelbury,1.74,2006
103,Candace Jacobs,55,Operations,66126,0,Gibbsborough,1.11,2014
104,Terry Abbott,42,Sales,33817,25,Kellyburgh,4.1,2018
105,Paul Bennett,37,Sales,131150,3,Stephenbury,4.07,2025
106,Joseph Martinez,52,HR,64023,33,Port Jeffrey,1.58,2009
107,Dr. Kenneth Moore,36,IT,63440,16,Jacobsland,2.98,2011
108,Richard Lewis,26,HR,90962,17,Port Michaelberg,1.51,2005
109,Bryan Valencia,24,Sales,25410,22,North Michelle,2.13,2024
110,Ashley Patterson,38,HR,89941,34,Johnsonchester,3.5,2013
111,Jessica Reed,31,HR,92427,14,Lake Jessica,2.15,2024
112,Emily Villanueva,57,IT,75038,27,Duncanhaven,2.35,2014
113,Christopher Rodgers,38,Sales,134459,32,New Teresa,3.29,2015
114,Sean Newton,39,IT,70247,24,East Sarah,2.16,2021
115,Steven Myers,49,Sales,108262,15,South Russell,1.12,2005
116,Kathleen Brock,26,Finance,140597,24,Hillville,1.29,2022
117,Keith Johnson,29,Marketing,45318,21,East Travis,1.57,2015
118,Anthony Stone,46,HR,44198,32,Johnsonfurt,1.77,2020
119,Dr. Kathryn Baxter,22,IT,131469,22,Port Thomas,1.41,2007
120,Michelle Smith,55,HR,101667,21,Port Samantha,4.02,2017
121,Joseph Miller,42,Operations,82480,30,South Daniel,4.54,2018
122,Michael Prince,43,Finance,93987,5,East Susan,2.15,2011
123,Malik Martinez,35,HR,73864,11,East Ginaton,3.18,2009
124,Steven Mcmahon,24,Sales,139030,24,West Mariastad,4.72,2008
125,Bryan Gomez,45,HR,55988,1,East Christine,2.48,2021
126,Lauren Castillo,40,Marketing,96670,10,East Johnborough,1.73,2012
127,Crystal Martin,35,HR,39337,9,North Jeremy,3.28,2014
128,Holly Ortiz MD,50,HR,27762,19,West Jennifer,3.8,2008
129,Heather Jordan,44,Marketing,103518,7,East Robertview,3.43,2024
130,Philip Grant,49,IT,101975,30,South Jenniferchester,2.34,2007
131,Tammy Mccoy,40,Operations,106977,11,Tracyhaven,3.85,2015
132,Bob Johnson,56,HR,140263,10,North Michaelburgh,1.86,2012
133,Victoria Mitchell,25,IT,112796,33,Leeburgh,3.93,2011
134,George Hicks,38,Sales,41192,10,Lake Stanleymouth,2.68,2021
135,Omar Hansen,33,HR,144404,22,West Dylan,3.29,2021
136,Joshua Maddox,27,HR,61465,22,Andrewport,3.17,2010
137,Kevin Williams,47,Operations,84812,30,West Michael,1.53,2014
138,Richard Trujillo,28,Sales,119130,1,East Melissaside,1.93,2012
139,Patricia Joseph,57,HR,145263,33,Crossport,2.69,2018
140,Sarah Copeland,58,Operations,96109,1,Francismouth,1.4,2012
141,James Winters,27,Marketing,147626,18,Melissaborough,2.18,2023
142,Kerry Bailey,25,Finance,115915,12,Christinefurt,4.75,2005
143,Karen Jackson,46,Operations,88444,25,New Marietown,2.8,2026
144,Anne Roberts,21,HR,107324,17,Campbellland,4.09,2019
145,Brian Collins,23,IT,63288,23,Guerrerofort,3.31,2014
146,Brenda Pennington,42,Operations,145894,17,East Stephanie,2.46,2022
147,Thomas Cantrell,49,Operations,33197,19,Port Mike,4.52,2016
148,Bryan Newman,60,Marketing,134911,1,South Dustin,2.37,2007
149,Sherri Davis,26,Finance,103725,23,West Lauriehaven,3.3,2017
150,Steve Bennett,50,IT,97287,15,Robertville,1.69,2023
151,Amy Scott,36,Finance,48675,7,South Lauramouth,2.2,2022
152,Patty Fry,44,Sales,91200,21,Annettestad,2.91,2010
153,Peggy Miller,55,HR,116326,13,Port Samuel,2.45,2022
154,Breanna Salas,27,HR,101867,12,South Alejandra,2.87,2023
155,Kimberly Mitchell,24,Operations,35989,11,New Ryanhaven,4.91,2017
156,Dylan Garcia,49,Marketing,49520,3,Hicksmouth,2.53,2021
157,Gary Williams,49,Marketing,34300,20,South Kathleen,3.37,2021
158,Hannah Thomas,53,HR,32607,3,Kyliestad,4.36,2015
159,Carlos Thompson,56,Operations,33154,11,East Elizabethport,4.64,2017
160,Marcus Mahoney,48,Sales,87048,19,Jeffreyland,2.12,2018
161,Angela Andersen,25,Sales,50182,23,Deanbury,4.92,2022
162,Kelly Alexander,42,Finance,76811,15,Lesliehaven,2.72,2006
163,Richard Gibson,40,Sales,61844,26,Port Kelsey,4.91,2006
164,Samantha Robbins,26,Marketing,112451,5,Smithborough,2.28,2018
165,Jessica Scott,25,Finance,89728,4,South Tammyshire,2.88,2008
166,Kevin Stewart,59,Operations,128319,34,Port Scott,1.55,2022
167,Austin Coleman,38,Operations,52284,16,South Maryville,1.0,2015
168,Gene Hardy,30,Operations,101073,6,Christinaville,1.99,2014
169,Suzanne Hunt,49,Finance,114124,30,Daniellebury,3.63,2012
170,Paul Huang,54,Marketing,39290,1,West Eric,2.6,2020
171,Chad George,55,IT,126904,10,West Ericborough,4.81,2019
172,Cassandra Warren,22,HR,126441,6,Port Tanyaside,4.87,2005
173,Jesse Allen,35,Operations,41857,21,Port Bethanymouth,1.82,2008
174,Dr. Alexis Meadows,22,Marketing,89771,19,Lake Stevenport,1.38,2018
175,John Yates,28,Finance,134762,23,Lake Christyport,3.31,2017
176,Jeff Kirby,57,Finance,31857,1,South Alexander,4.49,2017
177,Jason Wilson,25,Operations,105519,34,Cantuchester,3.7,2023
178,Benjamin Cline,40,Finance,91820,30,Bentonbury,2.73,2012
179,Haley Bell,55,Marketing,136600,23,Nealberg,2.22,2009
180,Katherine Farmer,42,Finance,145950,11,East Nathaniel,1.41,2021
181,James Howard,23,Operations,64729,27,Raymouth,4.26,2006
182,Thomas Dorsey,46,Operations,41742,35,Erinburgh,4.78,2022
183,Madison Watson,41,Finance,93314,14,Mcdonaldchester,3.76,2012
184,Rachael Klein,28,Operations,141236,15,Margaretview,1.44,2015
185,Andrea Mendez,52,HR,82593,32,Reedbury,2.79,2017
186,Brandon Petty,32,Finance,51827,34,Lawrencefurt,3.06,2020
187,Jennifer Burns DDS,50,Marketing,128556,17,East Maria,3.04,2013
188,Cody Henderson,40,Operations,100318,26,Derekland,4.61,2013
189,Nancy Hill,51,Sales,117878,23,Warrenhaven,1.67,2015
190,Charlotte Perez,31,HR,130159,30,Barbarafurt,2.32,2012
191,Denise Clark,49,HR,127992,8,Weissborough,3.64,2017
192,Cassandra Rush,49,HR,107603,20,New Hailey,2.98,2014
193,Thomas Garcia,37,IT,122106,23,Port Jose,3.07,2023
194,William Guzman,44,Sales,93971,23,Brooksside,1.46,2025
195,Amy Nielsen,60,IT,120431,8,West Shawnmouth,4.85,2020
196,Michael Weber,39,Operations,72326,34,Munozbury,2.31,2019
197,Rachel Owens,21,Operations,78000,23,Sandersbury,2.28,2026
198,Christine Carpenter,59,HR,81911,35,New Robert,3.89,2017
199,Carol Turner,26,Operations,142233,19,South Zacharyhaven,3.85,2014
200,Nicole Davis,39,HR,82465,27,North Matthew,4.18,2020
201,Mike Donovan,50,Marketing,54737,15,Johnsontown,2.6,2026
202,Emily Conner,51,HR,49009,12,Garciaville,2.01,2013
203,Misty Allen,35,IT,63689,13,New Misty,1.25,2017
204,Rebecca Foster,44,Marketing,121187,23,East Bruceton,3.3,2013
205,Rebecca Wilson,34,Finance,43611,7,Lawrencechester,2.94,2022
206,Terry Norman,26,Finance,139076,32,Jessicabury,1.08,2008
207,Kayla Pittman,38,Sales,126963,33,New Nancybury,3.16,2017
208,Denise Benjamin,57,Operations,72603,3,Pattersonview,1.39,2026
209,Brittany Davis,28,Marketing,30723,17,New Clayton,4.87,2005
210,James Flores,59,Sales,132009,8,Joshuaville,3.86,2014
211,Allison Martin,49,Sales,77915,23,Flowersburgh,4.24,2025
212,Amanda Burgess,22,Operations,104285,2,Tracytown,4.91,2024
213,Roy Garcia,38,IT,133044,22,South Ericaborough,2.99,2013
214,Susan Watkins,25,HR,142337,17,Blakeview,4.51,2024
215,Mary Golden,24,Marketing,99765,6,Joshuashire,2.23,2020
216,Larry Rodriguez,38,HR,31317,14,North Heather,1.06,2020
217,Kelly Steele,38,Operations,84722,25,South Tristanport,4.52,2012
218,Dawn Nielsen,30,Sales,92462,17,Lake Angelchester,5.0,2014
219,Steven Tran,35,Sales,122875,31,Nicholebury,2.4,2007
220,John Cox,22,Operations,39961,16,Port Joshua,4.69,2019
221,Katie Ortiz DDS,26,IT,96395,13,New Ericaburgh,3.8,2007
222,Matthew Howard,52,Marketing,75780,32,Johnfort,4.77,2025
223,Samantha Harmon,59,Marketing,134850,20,Lisafurt,2.25,2009
224,Jason Johnson,28,Operations,86516,0,Johnsonburgh,2.71,2024
225,Charles Johnson,23,Marketing,85023,33,Port Alexis,1.54,2008
226,Andrew Hayes,24,Marketing,94078,33,Ruizland,2.72,2011
227,Tony Todd,24,IT,60120,4,Sweeneyport,4.04,2007
228,Brittany Price,52,Sales,37788,9,Cynthiaborough,3.01,2014
229,Tony Reyes,43,Finance,88520,21,Robertshire,2.97,2011
230,Leonard Carter,54,Marketing,82530,4,New Taylormouth,1.75,2024
231,Ricky Rogers,45,IT,95714,23,Garcialand,2.31,2017
232,Joanne Daniels,28,Sales,142583,21,Sotohaven,1.3,2009
233,Edward Randall,34,Marketing,52659,27,Morganville,3.33,2014
234,Michael Morris,40,Operations,51012,31,South Christopher,2.16,2013
235,Linda Wiggins,56,Marketing,55381,24,Smithberg,4.51,2017
236,William Cantu,39,IT,93484,6,Lake Davidburgh,3.86,2017
237,Richard Marsh,50,IT,36805,34,Cherylmouth,3.32,2010
238,Jacqueline Moore,44,Operations,109355,12,Stacyland,2.34,2024
239,Dr. Zachary Fletcher DVM,34,Sales,30203,22,North Dillon,3.45,2020
240,Ashley Gutierrez,38,Marketing,89095,24,Dianehaven,2.37,2013
241,Timothy Oconnor,57,IT,33869,13,West Mindystad,3.86,2006
242,Amanda Harvey,44,IT,82760,5,North Kathleen,4.8,2019
243,Mario Camacho,59,HR,75944,33,Geraldhaven,2.23,2005
244,Jeffrey Webb,54,Sales,146583,29,Smithchester,3.13,2016
245,Marc Smith,38,Sales,68087,14,New Brianville,4.83,2022
246,Patricia Miller,43,Marketing,26350,12,Brownberg,1.5,2024
247,Sarah Fleming,48,Sales,123530,9,South Anthony,3.81,2018
248,Patrick Smith,37,Sales,107042,34,Alejandrostad,1.55,2011
249,Jason Wheeler,25,HR,121789,23,Lake Joshua,3.11,2017
250,Darius Ortiz,25,Sales,114046,27,East Amanda,2.16,2007
251,Ashley Valdez,34,HR,97906,16,East Teresaton,2.91,2017
252,Erin Wood,42,Finance,138284,18,Mcdonaldfort,4.63,2019
253,Aaron Peterson,60,Sales,138792,25,Lake Ashley,1.1,2022
254,Jason Diaz,45,Sales,110427,33,Lake Hollyfurt,4.18,2008
255,Harold Jackson,25,HR,115432,0,Port Timothyhaven,3.43,2025
256,Deborah Olsen,57,Marketing,95807,34,Port Susan,2.26,2006
257,Christopher Brown,24,Operations,32382,20,West Janetown,2.1,2011
258,James Smith,38,Finance,97292,19,Oliverview,3.27,2014
259,Kathryn Munoz,30,Operations,132546,5,Alanstad,2.65,2009
260,Michael Ellis,60,HR,47544,2,West Kellyton,4.7,2006
261,Heather Weber,29,Operations,49041,1,Brandontown,1.79,2009
262,Amy Sherman,39,Marketing,52396,14,Port Paul,3.52,2009
263,Brandon Jones,49,Sales,135423,19,Hollyville,1.06,2023
264,Joel Dunlap,34,Sales,56880,33,Hartport,2.4,2025
265,Anthony Mcclure,57,Sales,65782,32,South Stevenfort,2.51,2017
266,Heather Buckley,35,HR,81434,35,West Codyfort,4.51,2023
267,Elizabeth Brown,28,Marketing,109883,2,South Misty,2.41,2012
268,Sarah Christensen,35,Marketing,140105,22,West Brandon,4.67,2019
269,Dr. Ashley Simmons,43,HR,89538,19,Ramirezton,2.76,2008
270,Andrew Schroeder,60,Sales,139048,10,Markberg,4.54,2026
271,Terry Bennett,28,Sales,101925,26,Kevintown,4.06,2010
272,Benjamin Reid DDS,38,Operations,25571,15,Penachester,1.29,2019
273,Casey Hopkins,48,HR,41182,3,Mitchellberg,4.83,2022
274,Anthony Morris,56,Marketing,42090,29,East Jenniferside,3.83,2019
275,Cameron Dean,52,Sales,63210,7,Anthonyton,1.35,2010
276,Randy Suarez,45,Marketing,59736,19,Danaborough,2.96,2012
277,Virginia Golden,46,HR,144167,13,New Melissa,1.44,2011
278,Nicole Vasquez MD,49,Finance,96718,14,Shanechester,3.49,2018
279,Carla Campbell,24,Sales,129015,7,Emilychester,3.5,2015
280,Emily Glenn,45,Sales,28447,12,New Kevinburgh,2.14,2024
281,John Martinez,59,IT,103501,16,South Ruth,4.03,2022
282,Jordan Reed MD,32,Finance,102591,3,North Davidtown,2.71,2020
283,Michael Kidd,46,Sales,125797,2,Jamiefurt,3.12,2022
284,Lisa Beck DDS,26,Marketing,107535,27,West Charlesmouth,2.97,2017
285,Traci Fisher,23,IT,69784,5,Evanshaven,3.56,2015
286,Alexis Lucas,21,Marketing,120436,0,West Brent,3.56,2005
287,Stephanie Munoz,31,Sales,54995,19,Chambersborough,2.25,2018
288,Angela Richard,21,Finance,69933,24,Chandlerside,2.53,2013
289,Ruth Meyer,25,HR,60472,1,Williamsstad,1.36,2008
290,Erika Hampton,60,Marketing,80376,12,Randyview,2.52,2010
291,Rebecca Hill,40,Sales,120764,20,East Tom,2.16,2023
292,Christina Davidson,39,IT,78152,30,Port Preston,1.55,2023
293,Megan Lynch,36,Finance,91557,29,New Rachel,2.65,2015
294,Jeremy Mcgee,40,Sales,75868,24,Christopherland,3.63,2006
295,Jennifer Fox DDS,48,Sales,28757,4,Lake Matthewshire,2.84,2016
296,Michael Sweeney,42,Marketing,50156,12,Jasonstad,1.36,2020
297,Seth Shepherd,28,Operations,30977,16,Victorberg,4.79,2010
298,Kevin Waters,57,Operations,69888,29,Lake Bryan,1.69,2015
299,Jeanne Rivas,33,Operations,41872,19,Ellishaven,2.4,2006
300,Timothy Baldwin,45,Marketing,35997,5,Davismouth,4.69,2021
301,Bradley Rodriguez,27,IT,141651,4,Port John,3.61,2020
302,Michelle Hernandez,41,Finance,38508,24,Wandaport,4.34,2005
303,Colleen Chavez,49,Sales,121924,30,Kimberlyfurt,2.59,2024
304,Matthew Obrien,48,Finance,68115,21,Bensonstad,4.65,2019
305,David Phillips,55,Operations,67235,24,Donaldburgh,2.89,2010
306,Stephanie Price,59,Marketing,28647,34,Newmanmouth,2.22,2017
307,Marcus Bishop,58,Operations,143560,11,Brianfurt,2.11,2010
308,James Aguilar,21,Marketing,88047,12,Lake Patriciaburgh,2.67,2009
309,Kristie Cowan,52,Operations,103280,9,Melissabury,3.89,2013
310,Claudia Carter,54,Finance,69102,26,South Joseph,2.01,2018
311,Valerie Kidd,51,Marketing,35798,7,Lake Vicki,4.55,2009
312,Jeffrey Lynch,29,Finance,80776,18,Gillfort,4.47,2020
313,Patty Smith,35,HR,52569,34,Moorefort,3.6,2023
314,Patrick Snyder,38,IT,30776,21,East Davidshire,2.32,2005
315,Julie Reynolds,42,Marketing,78659,9,Jamesland,4.42,2007
316,Emily Williams,33,Operations,92729,30,East Julie,1.57,2008
317,Mrs. Sara Thompson,50,IT,116831,11,Curtisfort,3.02,2022
318,Anthony Whitaker MD,43,Sales,111548,10,Shawnside,2.53,2006
319,Joseph Wade,26,HR,105934,32,Jasonland,2.74,2013
320,Diana Smith,49,Finance,58273,14,Aprilhaven,3.63,2023
321,Adam Valencia,23,Marketing,27297,9,Stephenhaven,4.78,2017
322,Brian Kelly,45,Operations,142130,19,Joshuafort,3.72,2008
323,Norman George,46,Sales,137171,33,Christinetown,2.41,2025
324,Joan Finley,36,Operations,105098,28,South Faithland,2.94,2019
325,Richard Oconnor,36,HR,134401,16,Lake Thomashaven,1.43,2006
326,Shannon Robertson,32,Sales,117479,17,Hannaport,3.7,2015
327,Jennifer Manning,49,Operations,84751,12,North Wanda,2.69,2008
328,Madison Blevins,24,IT,102784,28,North Karina,2.78,2018
329,Dana Melton,42,IT,94384,7,Reedside,3.61,2014
330,Steve Miller,24,Sales,34925,14,Lake Leeview,3.77,2021
331,Monica Rivera,59,Sales,146258,9,Toddfort,2.41,2005
332,Emily Hill,50,Operations,55937,1,Crosbyview,1.76,2024
333,Jane Johnson,59,Operations,49340,4,East Michelle,4.59,2011
334,Kimberly Waters,27,Operations,102399,4,South Craig,3.75,2017
335,David Wheeler,42,HR,50903,2,East Angie,1.25,2010
336,Caitlin Medina,59,Marketing,115512,9,Rebeccaton,3.59,2006
337,Andrew Reid,57,Sales,143411,12,Julieville,2.9,2018
338,Nathan Sawyer,32,IT,73031,15,Michaelhaven,4.22,2022
339,Anthony Bennett,60,IT,79990,34,North Edwinstad,4.96,2009
340,Barbara Pearson,60,HR,128225,4,Lake Jeffery,3.29,2019
341,Andrew Smith,41,Operations,79727,32,West Pamelashire,3.62,2019
342,Mr. Mark Johnson,39,HR,60652,32,Bartonberg,2.12,2013
343,Katie Wilson,33,Marketing,105842,9,West Sherrystad,3.37,2021
344,Robert Smith,47,HR,93071,17,Port Robertchester,3.41,2026
345,Kara Finley,50,HR,137745,31,New Antonioport,4.95,2021
346,Heather Sheppard,48,Sales,89973,0,Port Brendaton,1.86,2007
347,Megan Archer,26,Marketing,52767,6,Boltonstad,3.71,2016
348,Sandra Garcia,22,Marketing,30234,29,Theresachester,2.36,2025
349,Mary Long,43,Finance,67349,10,Michelleland,4.05,2010
350,Rhonda Brown,58,IT,124990,31,South Georgeside,3.83,2020
351,Joe Taylor,56,Operations,115072,32,Robinsonland,3.57,2009
352,Brittany Reynolds,37,IT,67286,20,Sullivanton,3.84,2015
353,Anthony Lowe,23,Marketing,39114,5,Millerland,1.14,2017
354,Julia Davis,34,Sales,98056,25,Wrightbury,4.89,2005
355,Jerome Carpenter,34,IT,123457,17,Williamsfurt,4.59,2018
356,Heather Benson,28,HR,119852,2,Lake Deannaside,1.49,2007
357,Misty Garcia,25,Sales,82038,32,Stephenport,2.58,2007
358,Jacqueline Meyers,34,HR,106909,15,Port Lauramouth,3.24,2005
359,Audrey Robinson,38,HR,102389,17,North Ashley,2.88,2019
360,Christopher Schmidt,24,IT,117222,24,Port Yvonnehaven,2.49,2025
361,Jennifer Phillips,38,IT,120239,6,Williamsmouth,3.08,2022
362,Cheryl Jones,57,IT,131893,21,Laurenmouth,3.17,2008
363,Christina Malone,23,IT,135057,1,Hartville,1.95,2016
364,Megan Martinez,42,HR,30999,9,New Amy,4.32,2025
365,Sheila Rhodes,34,Marketing,72989,22,Donmouth,2.96,2012
366,Judith Luna,37,HR,78963,28,New Ericachester,4.35,2021
367,Christine Rojas,32,Marketing,34625,29,East Mary,4.26,2011
368,Rebecca Harvey,24,HR,100343,18,Meganshire,4.39,2018
369,Sarah Smith,24,IT,141374,12,East Holly,2.37,2012
370,Lisa Morales,33,IT,63536,21,New Mary,4.3,2005
371,Ellen Leblanc,53,Sales,100024,4,Lake Danielleside,3.02,2014
372,Michael Bell,40,Sales,26076,22,Lisatown,1.82,2021
373,Nicolas Moore,48,IT,26474,29,North Jasonburgh,3.58,2006
374,Lynn Walsh,24,Finance,64107,5,Solisburgh,2.9,2025
375,Andrew Lee,50,IT,116513,23,South Sarah,4.56,2013
376,Matthew Jordan,51,HR,115282,10,Frankview,2.29,2005
377,Gabrielle Stout,37,Operations,78069,7,Evansbury,4.63,2009
378,Deborah White,54,Finance,114321,34,East Michael,1.17,2015
379,Bryan Ward,58,Operations,94244,2,Jeffreyfurt,2.96,2010
380,Jason Bailey MD,28,HR,80061,28,Santosburgh,4.84,2009
381,Paula Flores,32,Finance,132885,8,Mcculloughmouth,4.03,2020
382,Russell Jones,31,Marketing,70148,7,Smithland,4.2,2013
383,Ryan Meyer,39,Sales,34911,18,New Karenfurt,2.78,2018
384,Amanda Nguyen,56,IT,111694,33,Port Lesliechester,2.2,2019
385,Todd Cook,36,Marketing,108977,17,South Sharon,1.07,2019
386,Courtney Grimes,43,Finance,61073,10,Velasquezborough,3.45,2005
387,Maurice Calderon,21,Operations,129100,30,Angelafort,4.14,2025
388,Bobby Smith,26,HR,66461,3,South Isaac,2.39,2005
389,David Green,39,Operations,42435,23,Davidsonside,3.65,2023
390,Paul Thomas,25,Operations,132422,22,Padillamouth,2.22,2014
391,Laura Harvey,60,HR,52469,25,North Julie,3.79,2005
392,Paul Wilson,21,HR,134814,13,North Bethanyfort,4.37,2022
393,Timothy Fisher,35,HR,85856,20,South James,1.64,2005
394,Matthew Harper,27,IT,91924,1,Lake George,2.32,2019
395,Alexandra Reed,48,HR,28266,0,Port Andrew,2.2,2007
396,Jacob Robinson,58,Operations,149995,9,Kaylahaven,2.68,2023
397,Raymond Weber,43,Operations,44576,32,Changville,4.59,2018
398,Wanda Contreras,32,Sales,103554,0,Garnershire,1.1,2006
399,Michael Jones,47,Finance,122598,35,New Roy,3.25,2006
400,Emily Miller,22,HR,68767,18,Parkerfort,4.92,2026
401,Jonathan Haynes,48,Finance,47662,14,Manntown,4.4,2005
402,James Walker,41,Operations,80737,15,Port Troy,3.41,2005
403,Curtis Hines,53,HR,119731,34,Huberburgh,4.7,2022
404,Deanna Martinez,32,Finance,120826,7,North Sarah,1.98,2024
405,Dean Powers,24,Marketing,140419,0,Anthonyfort,4.12,2013
406,Jordan Martinez,41,Finance,119560,18,East Lee,1.04,2006
407,Matthew Burns,35,HR,63429,33,South John,2.37,2006
408,Tara Bowman,36,Sales,30711,21,Kimberlyburgh,2.71,2018
409,William Harmon,60,Sales,128608,14,Richmondland,3.53,2010
410,Kelly Phelps,58,Sales,104202,30,New Arianastad,1.2,2013
411,Emily Leonard,25,IT,56212,22,South Tyler,4.1,2021
412,Kelly White,46,Marketing,60829,21,North Samantha,3.04,2019
413,Pamela Park,57,Sales,146399,32,Tammyfurt,2.69,2006
414,Seth Wyatt,48,Sales,52486,21,Jamesside,2.31,2017
415,Joshua Klein,23,Finance,32294,28,North Shannontown,4.67,2006
416,Joshua Thomas,27,IT,31215,25,South Marie,4.18,2024
417,Mrs. Amber Love,44,HR,34210,0,Richardberg,2.64,2022
418,Jennifer Jackson,36,Marketing,126314,19,Lake Benjaminberg,3.85,2020
419,Kayla Small,48,Sales,148101,2,New Marvin,4.11,2015
420,Rebekah Chase,41,HR,83475,20,Leslieview,3.12,2020
421,Albert Ryan,22,Finance,70280,21,West Lisa,4.41,2010
422,Emily Hamilton,46,Sales,124138,12,Parrishchester,2.59,2012
423,Robert Carey,22,Sales,135746,13,Dennisville,2.29,2014
424,Kimberly Roberts,42,Sales,110256,1,Nathanielton,4.51,2013
425,James Martinez,53,Finance,135236,5,North Bethany,3.29,2023
426,Christopher Mcbride,57,HR,51838,0,Davidfurt,3.29,2026
427,Michael Russell,27,HR,29634,31,Port Teresa,1.18,2009
428,Jose Garza,47,Sales,27649,2,West Amystad,2.16,2024
429,Michael Aguirre,45,Sales,122124,9,Brandonhaven,2.64,2018
430,Eric Greene,22,Sales,50520,21,Lake Richard,3.19,2020
431,Kelly Jensen,47,Operations,76633,33,Shellyside,1.76,2013
432,Angelica Howell,21,Operations,111410,16,North Miketown,1.04,2010
433,Tina Sanchez,33,HR,27325,32,Debraberg,4.36,2024
434,Lisa Hunt,45,Sales,51478,7,Hallfurt,3.04,2018
435,Melissa Mitchell,36,Operations,146469,32,Ramseyton,3.62,2014
436,Angela Graves,40,HR,44860,31,New Kendra,2.67,2005
437,Julie Morales,38,Finance,103729,34,Ashleystad,2.84,2025
438,Dr. Mary Hood,51,Operations,36957,26,Annastad,4.79,2022
439,Sheila Flores,58,Finance,32649,26,New Audrey,2.72,2013
440,Matthew Steele,54,Operations,56992,6,Jessicaside,2.78,2019
441,Joshua Smith,25,IT,108458,3,Reynoldstown,4.61,2016
442,Blake Peterson,43,IT,100133,4,Jenkinsport,1.87,2015
443,Suzanne Davidson,53,IT,136115,20,Lake Larryside,1.17,2025
444,Christopher Carter,56,IT,138967,12,Chapmanland,4.07,2022
445,Ms. Jacqueline Bass,42,IT,113991,15,South Crystal,3.09,2019
446,Richard Gray,30,IT,42984,7,West Jennymouth,3.47,2015
447,Robert Brown,52,Marketing,57120,19,North Diane,3.18,2022
448,Tanya Roach,52,HR,87619,21,Amandaberg,4.0,2010
449,Natasha Alexander,58,Marketing,47196,1,Wareshire,2.68,2008
450,Jason Saunders PhD,35,Marketing,55774,28,Lake Sandrastad,3.23,2014
451,Phillip Benson,47,Sales,110868,23,Nashmouth,4.61,2020
452,Anita Irwin,44,HR,28708,14,North Nancyland,3.22,2019
453,Sarah Irwin,37,Marketing,61226,30,Port Ray,4.44,2009
454,Jeffrey Hall,46,Finance,81258,9,West Johntown,2.49,2016
455,Karen Ramirez,34,Operations,114323,25,Brendaview,3.93,2018
456,Karen Tucker,56,Sales,67610,23,Williamsview,1.38,2012
457,Jennifer Mays,32,Sales,60765,17,Lake Ryan,4.8,2008
458,Jennifer Love,33,HR,116826,2,New Tony,3.09,2022
459,Samuel Price,59,Finance,35892,22,Maryville,2.04,2021
460,Tommy Stevenson,33,Sales,59686,22,Lawsonport,4.95,2024
461,Billy Yoder,43,Sales,143785,17,Oconnorport,2.96,2014
462,Bryan Baldwin,40,IT,123335,20,North Amandatown,3.26,2026
463,Charles Gomez,25,Finance,146460,30,West Kurt,3.2,2005
464,Lauren Clements,35,Marketing,96144,35,Lloydberg,1.11,2014
465,Tracie Davis,49,HR,97324,8,Katrinastad,4.55,2012
466,Ryan Fletcher,34,Operations,64210,27,Tiffanyton,1.59,2016
467,Arthur Tran,31,HR,53681,7,West Melissabury,1.63,2014
468,Derrick Ruiz DDS,48,IT,147159,3,Lake Erin,3.47,2010
469,Jason Collins,45,Finance,43415,35,New Mark,2.6,2009
470,Beth Jackson,60,Marketing,103236,18,West Bruce,1.63,2010
471,Stephanie Barton,30,Marketing,95752,0,Sarahstad,2.28,2018
472,Gina Le,33,Marketing,114850,13,Port Jessica,4.57,2012
473,Charles Turner,49,HR,46747,26,Gardnerfort,4.17,2008
474,Shane Massey,54,Marketing,62291,14,North Gabriel,1.94,2010
475,Katrina Moore,43,Operations,47985,21,Port Melissatown,3.16,2026
476,Eric Thomas,26,Marketing,149950,5,Danielside,3.99,2007
477,Adam Barker,55,HR,67073,25,Morrisshire,3.39,2008
478,Joseph Mills,26,IT,135863,6,Wesleychester,4.67,2005
479,Jamie Russell,51,Marketing,76686,0,Danielhaven,2.42,2024
480,Cory Brewer,45,Sales,125800,24,New Davidmouth,3.96,2007
481,Gregory Chung,51,Operations,45156,22,Hammondville,2.62,2013
482,Mr. Max Lawrence,48,Marketing,73030,34,North Miranda,3.04,2015
483,Jose Brennan,43,IT,148294,2,Lake Nancyberg,1.52,2025
484,Brian Harrington,21,IT,108053,17,Pooleton,2.27,2019
485,Joseph Schmidt,31,HR,133394,13,East Williamburgh,1.33,2020
486,Janice Newman,54,Operations,110285,1,Brianview,2.01,2023
487,Sarah Wilkins,23,Sales,71797,29,Lake Benjamin,3.11,2014
488,Kenneth Hall,56,Operations,135206,14,Port Christopher,1.51,2018
489,Mary Thompson,51,Sales,44539,17,South Kenneth,1.62,2013
490,Daniel Gray,57,Finance,134810,22,North Meredithchester,1.95,2012
491,Robert Long,44,Sales,101426,33,Jonesville,3.29,2021
492,Rachel Griffin,48,IT,108329,28,Lake Wandaburgh,1.56,2011
493,Frank Morrison,34,Operations,95911,23,East Gregorybury,4.51,2011
494,David Ali,29,HR,133533,28,Christopherland,3.73,2009
495,Courtney Doyle,27,Finance,27347,26,Rodriguezbury,1.82,2016
496,Matthew Bond,38,HR,68584,18,Port Melissa,2.71,2006
497,John Norris,58,IT,124070,31,Jenniferberg,2.82,2009
498,Lisa Oneill,29,HR,124304,24,Taylorhaven,3.98,2009
499,Mr. Christopher Hughes,38,Marketing,144146,13,Jamesfort,3.12,2024
500,Cindy Gonzalez,30,Finance,108357,34,East Sheilamouth,3.01,2025
501,Daniel Rojas,38,IT,139267,11,Darrylview,2.75,2021
502,Katherine Gonzalez,53,Operations,97560,25,Hendersonland,3.09,2010
503,Nicole Vasquez,40,Marketing,72591,35,Taylorville,4.3,2022
504,Cassandra Pierce,27,Sales,30970,25,Scottstad,4.14,2017
505,Sally Carroll,43,Finance,68015,20,Port Jenniferchester,2.99,2024
506,Kevin Deleon,36,Sales,67943,20,Lake Morgan,3.82,2014
507,Rickey Shields,35,Sales,75043,15,Terryville,1.86,2024
508,Marc Brown,28,IT,147181,34,Traviston,4.8,2023
509,Joshua Cowan,42,HR,25390,9,West Erikaview,2.93,2007
510,Chase Pratt,33,Sales,98223,33,Garciaside,2.59,2018
511,Christina Thomas,22,Operations,131179,15,Lindaton,1.83,2023
512,Savannah Pace,47,Finance,123841,27,Masonstad,4.74,2023
513,Kathryn Mcmillan,43,Operations,57768,7,East Eddie,4.52,2009
514,Shelly Fernandez,28,Marketing,133358,2,Laurenport,1.38,2013
515,Lori Murphy,50,IT,119220,11,South Nicholasport,4.52,2006
516,Jamie Rodriguez,42,HR,139451,34,North Stephanieside,2.87,2025
517,Dustin Swanson,50,HR,68403,27,West Miguelchester,2.69,2020
518,Jay Horn,46,Sales,90177,0,East Susan,4.74,2020
519,Connie Brown,24,Marketing,108822,17,Delgadomouth,3.96,2016
520,Darren Nguyen,55,Marketing,74538,30,New Jamesfurt,3.34,2008
521,Jeff Cortez,50,Finance,128798,30,Port Ryan,4.75,2010
522,Matthew Frazier,55,Sales,92007,6,New Pamelaborough,4.72,2026
523,Roger Wood,22,IT,54345,28,Hannahville,3.12,2014
524,Brooke Lopez,47,Marketing,126725,6,South Michellemouth,3.56,2021
525,David Brady,45,Operations,83919,25,Lake Susan,4.06,2023
526,Desiree Michael MD,37,Marketing,55084,24,Kirstenville,4.08,2007
527,Stacy Williams,41,Finance,54748,27,West Theresafort,2.07,2022
528,Gregory White,23,Operations,129130,21,Port Kimberly,4.25,2015
529,Gregg Richardson,60,IT,88827,34,Cherylburgh,4.88,2016
530,Rachel Johns,35,HR,93314,33,North Jonathon,3.89,2024
531,David Madden,26,HR,128047,9,Burnsfurt,2.76,2021
532,Robert Humphrey,30,Finance,26028,12,Port Traci,3.29,2007
533,Wayne Martin,23,HR,131335,4,Stewartville,4.42,2018
534,Franklin Mcdaniel,36,IT,98644,2,Michaelfort,1.63,2013
535,Sean Smith,50,HR,92308,34,East Stephaniebury,1.16,2005
536,Sean Russell,52,IT,103509,13,North Jesse,1.7,2018
537,Laura Whitaker,34,Sales,115291,18,South Rayport,2.66,2022
538,Ronald Jones,33,Marketing,145549,34,South Autumn,1.46,2006
539,Nicholas Hernandez,31,Marketing,134893,24,Priceville,2.91,2021
540,Kenneth Clark,56,Marketing,61960,17,North Alexander,2.41,2025
541,Angela Jones,36,Marketing,106235,35,New Derek,1.49,2026
542,Jason Small,40,Finance,125583,14,Josephmouth,4.55,2014
543,Andrea Smith,58,HR,46831,24,South Dana,2.69,2005
544,Annette Reyes,59,Marketing,129408,15,West Johnhaven,1.78,2020
545,Mark Sandoval,58,Marketing,98029,16,Robertburgh,2.54,2025
546,Derrick Williams,32,Sales,40131,14,Fordside,3.64,2005
547,Mark Maxwell,28,Finance,133185,19,West Jasmine,3.84,2012
548,Austin Bonilla,51,Sales,35663,19,South Derekhaven,3.82,2026
549,Anthony Austin,35,HR,46033,12,Cisnerosshire,2.99,2010
550,Douglas Martin,31,HR,103377,18,New Jamie,2.68,2018
551,Ashley Watts,25,IT,125304,5,Davisview,3.83,2021
552,Sara Lee,53,Finance,96308,7,East Davidbury,2.11,2026
553,Mr. Luke Gillespie DDS,59,IT,113523,9,Michaelville,4.1,2006
554,Mrs. Dawn Norris MD,58,Marketing,80036,6,Port Jillfort,2.3,2013
555,Brittney Taylor,27,IT,85030,32,Amyberg,1.8,2025
556,Paula Jones,31,HR,63898,25,Port Ricardoland,1.57,2017
557,Jennifer Sanchez,42,Sales,43712,32,South Kevin,3.44,2006
558,Diana Pace,36,IT,124284,22,Jessicamouth,2.49,2013
559,Ivan Hill,36,IT,33834,27,East James,1.73,2008
560,Leah Ramirez,51,IT,114969,21,South Keithberg,4.78,2018
561,Isaiah Olson,54,IT,96487,23,Jimmyfort,2.39,2023
562,Brianna Lopez,51,Finance,44918,35,Dianafort,3.16,2018
563,Anne Davis,35,IT,82633,15,Reneeview,1.05,2015
564,Kathleen Cox,26,Marketing,96063,3,Bergerchester,1.5,2007
565,William Hernandez,33,Marketing,116086,30,Lake Jason,1.55,2006
566,Michelle Moore,59,Operations,39160,21,West Melissa,3.55,2015
567,Nicholas Parker,26,HR,124391,35,Prestonton,2.87,2012
568,Mr. Terry Nelson,59,Finance,98032,0,West Eugene,3.07,2006
569,Amy Cook,55,Operations,82782,5,Port Reginaland,1.68,2010
570,Jeremy Berry DDS,34,Sales,125394,34,Middletonport,1.34,2023
571,Marie Knight,53,Finance,101006,31,Davidland,1.1,2011
572,Justin Hamilton,25,Marketing,62207,22,Padillaburgh,2.42,2005
573,Tara Dennis,41,Sales,129527,2,Colestad,3.07,2014
574,Gary Novak,26,Sales,38023,2,Audreyborough,3.53,2025
575,Stephanie Smith,44,HR,37828,28,Heatherberg,4.74,2014
576,David Petersen,47,HR,132265,20,East Joseph,4.76,2013
577,Willie Villanueva,27,IT,42050,33,Perkinsland,3.59,2020
578,Andrew Navarro,32,Sales,42437,13,Port Michellestad,1.02,2016
579,Michelle Perez,42,Marketing,92942,16,Baldwinport,3.19,2009
580,Mathew Guzman,29,Operations,57838,5,New Bianca,4.65,2021
581,James Lyons,52,Marketing,77512,28,West Tracyfurt,3.25,2025
582,Terry Hernandez,36,Finance,72083,25,Ruthburgh,4.28,2025
583,Susan Sullivan,30,Operations,123355,3,Hillview,1.21,2023
584,Jason Johnson,30,Marketing,65892,21,West Denise,2.22,2014
585,Sarah Smith,56,HR,31112,33,West Rachelshire,4.84,2025
586,Kyle Ellis,34,Sales,143762,9,South Daniel,2.8,2009
587,Dawn Oneill,26,HR,93859,15,Dianestad,1.9,2005
588,Anthony Patterson,32,Sales,136082,11,North Tiffanymouth,4.58,2016
589,Jennifer Hawkins,31,IT,119463,14,Curtismouth,3.16,2014
590,Michael Lewis,55,Operations,129293,31,Chavezton,3.23,2014
591,Scott Decker,49,HR,35739,28,Sarachester,3.23,2020
592,Rebecca Mendez,22,Marketing,148993,14,Kaylahaven,2.46,2025
593,Sherry Stafford,38,Finance,143401,13,Matthewshaven,1.6,2010
594,Kelly Beard,42,HR,98706,6,Lake Tracychester,4.87,2016
595,Amy Martin,33,Operations,61507,10,Lake Rebecca,3.29,2024
596,Dennis Noble,24,Marketing,85674,4,Kelleyhaven,4.38,2009
597,William Griffin,47,Sales,44170,18,Johnsonside,1.62,2013
598,Cynthia Thompson,24,IT,53236,25,West Jacob,1.37,2026
599,Richard Collins,25,Operations,130664,12,Dixonview,2.85,2008
600,Carl Fleming,24,Finance,62322,2,Turnerhaven,1.01,2021
601,Shaun Williams,25,IT,118265,30,Yorkport,1.22,2013
602,Susan Marshall,40,Marketing,79283,17,Nicolefurt,4.2,2013
603,Jennifer Clark,29,Marketing,109180,7,Ashleymouth,2.05,2015
604,Brian Miller PhD,32,Operations,95586,10,South Destiny,3.17,2022
605,Monica Henderson,50,Sales,82882,22,Lake Jonathan,1.57,2015
606,Alicia Evans,59,Sales,81630,17,Collinshaven,1.76,2023
607,Jennifer Anderson,27,Operations,136479,10,Port Erika,1.49,2020
608,Donald Mcintyre,36,IT,26073,34,North Sarahfort,1.15,2009
609,Robert Ballard,55,Sales,118480,11,New Tami,2.66,2016
610,Tamara Johnson,58,Marketing,62775,33,West Sharonborough,1.78,2009
611,Ryan Mason,55,IT,82278,22,East Katie,2.12,2010
612,Sherry Terry,45,Marketing,39536,32,West Emilyburgh,2.28,2013
613,Tiffany Johnson,54,HR,97195,26,Jenniferville,4.38,2018
614,Brian Wade,24,Marketing,46854,9,South Maria,4.43,2007
615,Joseph Bell,47,Finance,37337,27,Port Michelle,3.82,2025
616,Joshua Randall,22,Operations,28114,0,Christianview,3.58,2016
617,David Pearson,22,Sales,70841,9,East Michael,3.75,2011
618,Ryan Cooper,47,Sales,109805,18,South Reginald,4.46,2008
619,Ashley Cox,48,Finance,110624,5,Rebeccabury,3.27,2007
620,Sue Carter,35,Operations,27793,22,Loweland,3.81,2016
621,Teresa Flores,25,IT,98111,22,Tranville,2.18,2024
622,Kelly Stone,55,Operations,102157,26,Wrightland,1.53,2014
623,Shannon Hamilton,60,Operations,56494,14,Davidshire,2.32,2008
624,Lisa Rowe,50,Operations,89276,11,Evansside,1.83,2025
625,Sheila Marquez,33,IT,26863,3,Hodgeberg,4.12,2011
626,Lawrence Sharp,28,Marketing,80479,27,Michellefort,4.35,2021
627,Angela Sullivan,44,Finance,119724,2,Nataliemouth,2.92,2005
628,Michele Lopez,36,IT,61689,23,Harringtonberg,4.64,2021
629,Kaylee Espinoza,21,Operations,90456,33,East Krystal,4.38,2024
630,Donna Williams,39,IT,140831,22,Joanneton,2.34,2020
631,Toni Bolton,57,IT,64886,20,Tonimouth,3.03,2022
632,Carol Bishop,45,Operations,25536,35,East Maryshire,4.33,2025
633,Timothy Wu,23,IT,44217,5,Reevesmouth,3.11,2008
634,Tiffany Bridges,41,Sales,69644,33,Taylorton,4.35,2023
635,Samuel Rivera,53,HR,94042,25,South Teresa,3.75,2009
636,Melissa Lozano,23,IT,98010,12,Walkerbury,3.86,2018
637,Mrs. Sherry Cox,54,Marketing,124014,3,East Jeffreybury,3.2,2026
638,Karen Fuller,49,Marketing,48737,35,North Austin,1.87,2015
639,Brett Walker,50,Finance,74492,31,East Pamelaland,3.14,2019
640,Tracie Neal,54,Finance,84395,15,East Rachelburgh,4.53,2026
641,Susan Wallace,23,HR,68541,4,Port Elaine,1.84,2021
642,Manuel Hernandez,57,IT,26044,3,New Michele,2.17,2005
643,Joshua Stout,27,HR,103196,3,Julieborough,2.59,2008
644,Alicia Riddle,55,HR,62378,34,North Jeanettetown,2.99,2014
645,Chelsea Turner,53,Finance,63554,14,Lake Kevinburgh,1.65,2012
646,Aaron Butler,42,HR,75281,8,East Randyfurt,2.38,2021
647,Roger French,33,Finance,118827,5,South Clintontown,4.98,2013
648,Dr. Krystal Dixon,44,Marketing,147578,6,Kristinfort,4.51,2005
649,Bradley Gonzalez,46,Sales,61615,3,Port Melanietown,4.23,2010
650,Jeremy Reed,21,Marketing,34122,15,Michellestad,3.9,2018
651,Amanda Anderson,38,IT,93260,13,Mooreville,2.97,2018
652,Ryan Pierce,25,Sales,49870,29,East Markshire,1.26,2007
653,Kathleen Orr,53,HR,96451,22,East Jasmine,3.73,2022
654,Deborah Cruz,54,IT,56401,18,New Lori,3.05,2020
655,Rachel White,49,Finance,93015,8,Larryberg,3.19,2010
656,Monica Scott,33,Marketing,91774,6,East Jane,2.45,2021
657,Dan Zimmerman,35,HR,72540,22,Port Dawnchester,4.99,2024
658,Jennifer Young,40,Marketing,132632,14,New Steven,3.61,2019
659,Rachel Ramirez,32,IT,67964,23,Jamesmouth,3.09,2023
660,Melissa Yoder,59,Operations,141362,4,Port Cody,2.1,2025
661,Abigail Cruz,58,Sales,27805,20,Larsenside,3.4,2012
662,Daniel Greer,38,HR,31889,14,Johnsonbury,4.66,2019
663,John Kennedy,27,Sales,129901,31,West Kellymouth,1.06,2010
664,Bethany Kirby,52,IT,35748,19,West Brian,2.25,2010
665,Jeremy Gonzalez,55,Sales,36720,13,North Kristinefort,1.3,2012
666,Aaron Lyons,60,Sales,55109,13,Port Jasmine,1.35,2012
667,Ashley Marshall,45,HR,30420,4,West Charlesshire,4.97,2019
668,Andrea Wright,44,Operations,26423,34,Gibsonfort,1.67,2020
669,Paula Fisher,41,Marketing,146871,11,Michaelport,1.52,2024
670,John Walters,48,Sales,129180,9,Port Colleen,4.41,2026
671,Morgan Stewart,38,Sales,126816,22,Port Katherine,2.14,2022
672,Richard Ruiz,34,IT,131456,4,Lake Christine,1.2,2014
673,Nicole Nash,30,Marketing,146985,24,Wigginsshire,2.83,2023
674,Dr. Tara Phillips,54,IT,101138,31,North Andreaville,1.82,2012
675,Timothy Castillo,35,Sales,32162,15,New James,1.58,2006
676,Sandra Little MD,27,HR,149306,3,Lake Markview,4.19,2010
677,Michelle Randolph,57,Marketing,56347,9,North Lisa,4.27,2017
678,Joseph Wallace PhD,43,Operations,51717,18,Melissachester,4.73,2010
679,Angela Porter,60,HR,106702,14,Lake Sean,4.98,2018
680,Tiffany Salas,44,Marketing,121896,8,Port Tinaside,2.65,2025
681,Mrs. Rebekah Thomas MD,32,Marketing,135202,20,Rogerville,2.02,2005
682,Omar Torres,40,Operations,62169,16,Port Jessicaville,1.05,2016
683,John Li,55,Sales,58986,13,Gillespiehaven,1.91,2010
684,Anthony Rodriguez,41,Sales,110675,10,South Daniel,2.75,2025
685,Christina Davis,51,IT,122564,26,Stevensfort,2.99,2010
686,Linda Mitchell,33,HR,57614,30,Port John,4.8,2024
687,Cynthia Washington,58,Sales,81418,6,Lindseyhaven,3.62,2011
688,Eduardo Mitchell,28,Finance,28934,26,Craigberg,3.12,2025
689,Scott Cordova,37,IT,42744,22,South Evelyn,3.4,2018
690,Cameron Cabrera,43,Sales,66701,3,South Phyllisburgh,4.31,2020
691,Tyler Aguilar,57,HR,125579,29,Kimberlymouth,1.43,2011
692,Alison Haney,45,HR,47833,12,Laurieborough,4.27,2024
693,Tiffany Mercer,30,Sales,84904,4,Rhondachester,4.28,2006
694,Kristi Chambers,25,HR,109487,12,Haroldfurt,1.68,2015
695,Brenda Perez,44,HR,25189,14,Thomasshire,3.05,2006
696,Mr. David Johnson,57,HR,146387,20,West Paigehaven,2.87,2023
697,Jackson Powell,23,Sales,94835,5,Amberborough,3.11,2012
698,Elizabeth Barnes,30,HR,140982,2,South Danielstad,4.7,2012
699,Melissa Copeland,55,Finance,36725,19,New Josephborough,2.71,2012
700,Mr. Brian Andrews,36,Finance,73531,20,West Paulmouth,4.16,2015
701,Samantha Douglas,28,Sales,39694,11,Clarkborough,4.22,2019
702,Michael Johnson,39,Operations,96260,32,Andrewmouth,2.18,2015
703,Mr. James Hurley,60,Finance,83422,15,Ashleyhaven,2.16,2024
704,Kathryn Long,54,Marketing,27789,11,East Alyssa,3.49,2017
705,Melinda Cameron,55,Finance,125144,29,Rojasmouth,1.45,2026
706,Jennifer Hale,50,HR,72618,35,Stanleyborough,3.8,2007
707,Pamela Davis,25,Marketing,25787,1,South Erinside,4.2,2020
708,Sherry Stewart,39,Operations,44651,4,Lake Lauren,4.47,2014
709,Angela Perez,46,Marketing,32011,24,East Teresa,2.37,2011
710,Karen Smith,37,Operations,142381,32,East Travisburgh,4.53,2015
711,Brianna Henderson DVM,29,Sales,45686,11,West Robert,2.44,2007
712,John Turner,23,IT,63660,25,Carterbury,4.4,2012
713,Sandra Wallace,33,Operations,28725,3,Carolborough,3.7,2012
714,Frederick Holmes,34,Finance,76815,34,Blackchester,4.41,2018
715,Alexis Gutierrez,48,Finance,89010,11,Janetfort,2.66,2019
716,Jason Copeland,43,Sales,36321,29,Sherryport,4.86,2006
717,Timothy Holmes,43,IT,117128,28,Jamesberg,4.83,2009
718,Susan Lee,21,Finance,115732,15,Brownside,4.64,2006
719,Diana Cross,32,Marketing,71257,28,Torreston,4.18,2017
720,Lori King,27,Sales,131355,22,Garrettborough,4.5,2015
721,John Smith,31,IT,127556,23,Martinborough,1.3,2006
722,Gary Cook,58,IT,128963,18,East Theresaborough,1.19,2011
723,Steven Garcia,55,Finance,67629,4,North Robert,3.0,2016
724,Paula Roberts,55,HR,119848,27,East Brittany,1.64,2023
725,Melanie Wheeler,46,HR,101360,22,Whitestad,1.44,2023
726,Patricia Scott,39,IT,26691,3,Hudsonbury,4.86,2006
727,Christy Morrison,45,Marketing,49473,28,East Anna,1.7,2017
728,Chase Mcknight,45,Sales,141544,7,North Josephbury,4.67,2014
729,Andrea Wheeler,37,Marketing,133525,27,Thomasfort,1.61,2023
730,Christopher Dunn,39,Marketing,80039,20,Perezshire,1.97,2012
731,Arthur Greene,55,HR,135004,26,Andradeborough,2.9,2012
732,Anna Barajas,30,Finance,85808,10,North Melaniehaven,4.82,2021
733,Daniel Krueger,54,IT,54526,23,Edwardsbury,1.41,2005
734,Christina Garrett,47,Operations,60163,9,West Steven,2.67,2023
735,Curtis Jackson,55,IT,85869,26,North Calebfort,4.35,2010
736,Bradley Burch,30,Operations,131322,28,Jacobville,1.59,2010
737,Richard Macdonald,55,HR,117313,30,Williamport,3.11,2022
738,Mandy Ellison,27,Operations,115389,14,Aguirrefurt,2.75,2014
739,Chris Henry,21,IT,101440,2,North Amanda,3.92,2006
740,Ms. Ariel Davenport,33,IT,137879,23,Laurenshire,4.85,2009
741,Michael Johnson,49,Finance,144035,9,East Timothyland,3.19,2018
742,Erica Hill,48,HR,83421,14,New Jared,3.13,2016
743,James Thomas,25,Marketing,63213,14,Ellenchester,3.6,2020
744,Timothy Hebert,37,Marketing,130083,5,New Brendastad,2.05,2010
745,Denise Smith,56,Sales,136644,30,New Katrinaton,1.39,2020
746,Christopher Nunez,25,IT,47543,11,Port Michaeltown,1.82,2005
747,Kaitlin Bishop,51,Marketing,134380,1,Torresfort,3.32,2008
748,Jack Gardner,56,Operations,97861,19,West Barbarachester,4.21,2024
749,Julia Hancock,34,HR,136343,13,South Amanda,3.52,2025
750,Leslie Fields,58,Marketing,51967,13,Jonesmouth,2.77,2008
751,Mandy Morris,53,IT,122448,12,Port Jody,3.22,2023
752,Zachary Valenzuela,25,IT,87237,16,Allisontown,4.12,2021
753,Blake Porter,55,IT,26195,3,East Chadberg,4.55,2026
754,April Maxwell,50,Operations,49240,10,South Christopher,4.25,2020
755,Daniel Pearson,40,Sales,72134,33,New Heather,1.57,2005
756,Tina Farrell,36,Sales,61224,17,Port Johnnyview,1.05,2011
757,James Martinez,36,Marketing,32684,6,Lake James,1.23,2014
758,Megan Moore,49,Marketing,58944,4,Johnsonhaven,2.39,2022
759,Laura Porter,59,HR,44582,32,Smithside,1.62,2025
760,Desiree Carter,53,IT,141347,22,Kennethfurt,3.3,2005
761,Mary Simmons,53,Sales,78979,6,East Matthewmouth,1.84,2005
762,Courtney Page,26,Finance,113202,29,Lake Marissaland,2.27,2006
763,Ryan Garner,55,IT,57080,10,Tranchester,3.4,2006
764,David Smith,43,HR,42664,20,Scottstad,2.38,2008
765,Donna Lewis,23,Operations,147792,20,New Cheryl,3.04,2016
766,Kevin Hall,47,Sales,136281,14,East Ericmouth,1.26,2008
767,Karen Jones,43,Sales,75046,3,Lesterborough,1.84,2010
768,Tiffany Doyle,40,Sales,84564,12,Clarkfort,2.13,2021
769,Brian Reed,46,Operations,106597,6,South Monica,3.92,2024
770,Amanda Peterson,26,Sales,83623,19,Gibsonfurt,2.8,2018
771,Beverly Rodriguez,60,HR,98476,18,North Ashleymouth,4.48,2025
772,Ashley King,55,Marketing,58110,8,Priceport,3.64,2019
773,Alexander Newman,36,Finance,109661,32,North Marissa,1.88,2012
774,Diana Hall,30,IT,75623,20,Kelseytown,1.08,2014
775,Matthew Mckinney,47,IT,28041,26,Christopherbury,3.64,2019
776,Jacob Davidson,40,HR,88655,25,Howardfurt,2.46,2026
777,James Morgan,36,Marketing,109436,20,Cruzberg,3.73,2015
778,Laura Hernandez,42,Operations,66459,14,South Paul,2.81,2014
779,Sarah Morrison,44,HR,102288,11,Bryanfurt,1.94,2005
780,Amber Smith,39,Marketing,52930,26,Dawntown,1.97,2008
781,Toni Mitchell,58,HR,30448,27,Port Stephanie,2.09,2012
782,Kimberly Edwards,48,Marketing,107459,6,Port Nathanfurt,2.89,2017
783,Willie Oliver,38,Sales,25284,12,Debrastad,4.27,2017
784,Kristine Hunt,40,IT,25740,2,West Jamesside,3.54,2016
785,Sarah Hensley,21,Operations,78799,19,West Jeffreyborough,5.0,2007
786,Sean Koch,27,Operations,82492,15,Port Wendytown,1.3,2017
787,Taylor Murray,38,HR,81470,11,East Jeffreyfurt,4.16,2020
788,Gabrielle Smith,53,Marketing,129369,23,East Anitaburgh,3.8,2023
789,Matthew York,30,Marketing,67028,16,Hudsonmouth,2.93,2016
790,Timothy Hernandez,26,Finance,41389,15,Annemouth,2.64,2014
791,Michael Brewer,33,Operations,60764,30,Brandonbury,4.65,2014
792,Julia Benitez,26,Sales,137566,23,Collinsport,4.15,2013
793,Thomas Smith,41,Operations,132585,27,New Darrenhaven,3.28,2009
794,Lisa Medina,54,Marketing,79381,17,New Kristen,2.52,2026
795,Alice Ferguson,42,HR,122262,21,Blackburgh,4.31,2006
796,Peter Bush,49,Operations,140253,22,New Laura,2.04,2025
797,Wendy Stone,47,Finance,26391,8,Smithport,1.52,2019
798,Michael Silva,38,Sales,51096,12,Lake Madelinefurt,4.11,2023
799,William Schwartz,42,Sales,108412,23,Daviesfurt,4.59,2017
800,Melissa Madden,25,Operations,32983,34,Joshuaburgh,4.52,2015
801,Michelle Harmon,25,Operations,31169,26,Port Jacobland,1.61,2018
802,Jim Hayes,37,IT,129412,7,Lake Christopherberg,1.26,2005
803,Michael Mercado,41,Operations,108001,15,North Maryburgh,1.39,2011
804,Toni Scott,23,Marketing,64635,30,Lake Tonyafort,3.27,2014
805,Jennifer Smith,28,IT,72165,30,East Micheal,1.19,2025
806,Robert Thomas,30,Finance,81751,6,Hendersonport,1.13,2008
807,Charles Padilla,46,Operations,53681,24,Jamestown,3.53,2005
808,Tiffany Myers,21,Marketing,143385,11,South Eric,3.2,2014
809,Christina Steele,56,Marketing,28725,13,Kurtchester,1.94,2026
810,Brandy Parker,60,Sales,106706,28,South Emilyview,4.77,2016
811,Laura Barr,58,Finance,126584,8,Port Richard,1.11,2012
812,Brendan Hill,46,Operations,130632,7,Jessicaside,2.48,2014
813,Amanda Adams,60,IT,133160,2,North Timothy,3.13,2017
814,Kimberly Cohen,53,IT,49771,2,Bowenmouth,2.79,2024
815,Rhonda King,26,HR,61593,33,New Linda,2.62,2007
816,Donna Peters,46,Sales,106628,10,East Jonathan,1.97,2022
817,David Sanders,49,HR,79929,19,West Jennyview,4.77,2007
818,Melissa Castro,42,Sales,101600,34,Sharpview,3.1,2016
819,Lisa Guzman,46,Sales,140804,32,Robertville,1.56,2025
820,Nicholas Ritter,51,HR,58534,33,Lake Andrewmouth,3.43,2024
821,Melissa Thompson,38,Sales,62724,6,North Ronaldburgh,3.53,2021
822,Sheryl Clark,29,IT,149058,28,Lake Joseph,2.61,2015
823,Chelsey Zimmerman,35,HR,130653,20,Frostberg,1.85,2009
824,Linda Perkins,44,Finance,49299,25,Taylorton,3.01,2010
825,Cassandra Gonzalez,38,Operations,69647,6,Millerhaven,1.96,2018
826,Nathan Hudson,22,Marketing,36595,29,Nicholasshire,4.68,2012
827,Thomas Jones,42,Operations,109562,13,North Charles,2.07,2011
828,Brenda Jacobson,23,HR,118840,34,Williamsfort,1.99,2007
829,Jordan Evans,26,HR,41299,31,East Gabrielleside,1.18,2005
830,Krystal Moore,23,Finance,119776,10,East Belinda,4.17,2016
831,Alicia Fletcher,46,Marketing,110321,3,Tinashire,4.3,2022
832,Nicole Pierce,60,HR,28938,27,New Stephanie,4.44,2021
833,Sarah Anderson,21,Sales,95883,2,Welchborough,4.1,2007
834,Henry Singleton,37,Finance,54499,20,Lake Wendy,2.69,2024
835,Shannon Miller,44,Sales,45363,7,North Rogerstad,3.14,2009
836,Daniel Rodriguez,33,HR,42301,23,Tylerton,2.82,2009
837,Randy Hurst,38,Marketing,45440,27,West Richardstad,4.17,2010
838,Alisha Walker,45,Operations,141779,21,Danielfort,1.73,2009
839,Laura Kelly,32,Sales,130020,33,Port Christophershire,4.97,2013
840,Stephanie Perry,41,Operations,43495,29,South Stephanie,3.45,2009
841,Allison Becker,32,Finance,135167,30,West Amy,1.42,2005
842,Angela Crawford,55,IT,62503,29,Port Karen,1.31,2006
843,Russell Compton,33,Marketing,148952,19,Patriciaberg,2.07,2005
844,Rebecca Young,35,HR,89598,6,South Linda,2.87,2007
845,Cody Andrade,54,IT,60946,29,Johnsonmouth,2.28,2007
846,Denise Stephens,27,HR,91067,16,North Kenneth,3.72,2005
847,Cassandra Bradford,42,IT,98872,22,Zavalafurt,4.56,2023
848,Victoria Rice,47,Operations,109995,32,Beckerport,4.44,2014
849,Timothy Rice,38,IT,129561,6,Johnsonton,3.05,2008
850,Nicole Brooks,27,Operations,127341,4,Gonzalezchester,2.52,2008
851,Christopher Rojas,41,Sales,69778,7,Smithport,1.65,2014
852,Lisa Williams,23,Finance,134542,6,Carlmouth,3.88,2015
853,Nicole Horn,33,Finance,146039,35,New Tiffany,2.1,2007
854,Crystal Patton,37,Sales,92764,29,West Jasmine,2.82,2022
855,Kimberly Crawford,45,Operations,139532,29,North Anthony,1.9,2006
856,Veronica Acosta,41,Finance,81967,5,Vanessashire,3.08,2026
857,Mark Sanchez,43,Operations,142133,1,Johnsonstad,1.41,2016
858,Gary Nichols,57,Marketing,45142,4,Thompsonport,1.19,2021
859,Mr. Mark Russell,21,HR,71578,9,Billytown,4.71,2009
860,Keith Rodriguez,47,IT,135221,5,Lake Angelabury,2.69,2024
861,Jonathan Cortez,36,IT,70890,7,Lake Heathermouth,2.1,2008
862,Aaron Lynch,28,Sales,42725,30,Susanshire,1.37,2021
863,Joseph Odonnell,37,Sales,66338,13,New Dawnfort,3.56,2025
864,Andrea Peterson,34,Marketing,108131,22,Saraton,2.0,2014
865,Sarah Pugh,30,Operations,80760,15,West Amberstad,3.82,2019
866,Jeffery Baker,38,Marketing,49979,26,North Christystad,2.96,2009
867,David Myers,30,Operations,86963,35,Laurastad,2.01,2016
868,Mary Davis,43,Marketing,149286,8,New Donnashire,4.58,2024
869,Jared Kane,51,Sales,65462,14,New Daniel,3.13,2023
870,Tyler Harrison,42,Finance,53080,16,West Richardberg,1.5,2006
871,Manuel Johnson,26,Marketing,67979,6,New Ericland,3.8,2007
872,Lisa Wells,25,HR,67062,14,Adriennehaven,2.53,2010
873,Bridget Scott,29,Finance,108889,5,New Shelley,1.25,2019
874,Kelli Deleon,31,HR,58609,17,South Michael,3.04,2026
875,Janice Schultz,23,Marketing,130288,25,Kramerchester,2.31,2022
876,Jeffrey Mendez,36,Sales,96763,21,South Jenniferton,2.41,2016
877,April Lewis,49,Operations,100538,35,West Rebeccamouth,1.53,2012
878,Julie Williams,36,IT,72841,3,South Phillip,4.13,2024
879,Leonard Hughes,23,IT,87311,32,West Jacobfurt,2.84,2014
880,Gavin Carter,49,Finance,54157,31,Port Keithshire,1.72,2016
881,Michael Howell,35,Finance,110882,2,Philipchester,1.46,2012
882,Jessica Gonzales,44,Operations,31848,15,East Evan,2.11,2017
883,Amanda Richard,40,Operations,98518,13,New Wendystad,2.32,2018
884,Debra Johnson,56,Operations,55736,34,North Theresa,3.85,2019
885,Ashley Ramos,27,Finance,131672,30,Christopherberg,1.15,2007
886,Shane Cox,56,HR,107439,11,Port Cathyhaven,1.79,2015
887,Ebony Martin,33,IT,137054,14,Georgefort,3.29,2007
888,Norma Moore,26,Operations,96814,9,East Andrea,4.95,2009
889,Heather Oneill,36,Operations,36687,0,Ronaldtown,1.64,2007
890,Richard Schmidt,31,Sales,48468,28,Jenningsborough,4.31,2011
891,Katie Martin,21,HR,80580,4,Heidihaven,4.28,2014
892,Deanna Anderson,28,Marketing,98956,35,Christopherside,1.91,2019
893,Mrs. Donna Turner,57,Finance,91786,12,Adamschester,4.92,2017
894,Jeffrey Schroeder,22,HR,114141,16,North Chelseyfort,4.19,2024
895,Luis May,21,Marketing,41700,35,Lake Anthony,3.93,2021
896,Mason Walker,56,Sales,130324,8,Seanmouth,1.27,2006
897,Jamie Velez,51,Finance,79106,10,South Crystalland,2.31,2014
898,Misty Fleming,46,Sales,29514,28,Chandlerfurt,3.59,2009
899,Justin Jackson,46,IT,88116,22,East Jason,3.28,2011
900,Tracy Moore,38,Marketing,124932,31,South Rhonda,1.23,2006
901,Cory Mckay,30,Finance,52625,33,Wilsonmouth,2.97,2006
902,James Smith,21,IT,119196,19,South Ryanland,3.63,2020
903,Thomas Williams,38,IT,88289,33,Lake Brianaside,3.85,2010
904,Amanda Conner,44,Operations,34414,25,Martinezhaven,2.83,2024
905,Marcus Reese,57,Marketing,128527,12,Cortezland,2.98,2007
906,Seth Stephenson,30,IT,56385,13,Davidland,1.69,2016
907,Kathryn Carr,27,Sales,57887,29,Schneidermouth,4.17,2019
908,Francisco Joseph MD,57,IT,73042,24,South Eric,4.86,2008
909,Hannah Oneill,21,HR,87164,17,West Elizabethberg,4.12,2021
910,Barbara Thomas,33,IT,44165,9,Amandaberg,2.72,2021
911,Mark Bryant,45,IT,125625,30,Richardburgh,4.99,2007
912,Michael Johnson,25,Operations,37176,5,Lisaport,4.36,2006
913,Michele Smith,21,Marketing,127704,34,South Isabella,2.11,2007
914,Steven Harvey,23,Marketing,135995,14,New Heatherton,4.54,2013
915,Mary Morris,36,Sales,112719,34,Carrillochester,2.88,2020
916,Andrew Williams,51,Finance,76914,23,Curryside,2.24,2015
917,Megan Morales,50,Operations,57269,3,North Johnton,2.93,2006
918,Kayla Hood,34,IT,76899,20,South Emilychester,4.65,2015
919,Bryan Burns,30,IT,85331,26,Lesterland,4.15,2017
920,Sheri Campbell,27,Sales,93430,0,New Rachelside,1.49,2026
921,Grace Gallegos,23,Sales,78183,11,East Brandon,2.0,2007
922,Alicia Rivera,44,IT,101701,28,New Teresa,1.92,2005
923,Hunter Edwards,30,Sales,95367,27,Lopezport,3.94,2024
924,Dr. Michael Dudley,43,HR,50694,6,Lake Erin,2.6,2015
925,Jeremy Gonzales,43,HR,90883,27,North Sydneyville,3.77,2008
926,Drew Harper,45,Sales,85603,13,Kimland,3.62,2026
927,Nichole Johnson DDS,36,HR,97446,21,Lake Daniel,4.87,2007
928,Howard Wagner,30,IT,69954,18,Cohenborough,4.97,2019
929,Dr. Sarah Burns,47,Sales,26241,9,Alyssaville,4.24,2020
930,Teresa Palmer,30,Sales,70358,2,Lake Markmouth,1.23,2021
931,Samantha Berger,33,Sales,86647,29,Evelynborough,3.76,2006
932,Mr. Ronald Gay,23,Operations,78264,32,Leeside,1.82,2011
933,Kathryn Bishop,38,Sales,38572,32,Port Deborah,4.53,2019
934,Andrea Townsend,42,HR,85600,33,New Eric,4.68,2010
935,Debra Rogers,46,Operations,110598,17,West Robert,2.59,2023
936,Patricia Guerrero,37,Sales,85557,10,Lake Edwardport,3.22,2022
937,Wesley Walter,35,HR,63405,27,East Vanessa,1.13,2011
938,Samantha Webster,53,Operations,32392,19,East Jeffreyshire,4.0,2020
939,Danny Price,60,HR,77992,13,Hornbury,4.46,2019
940,Joann Woods,27,Finance,84248,35,New Justinbury,4.67,2005
941,James Short,26,Sales,75202,17,Williamsview,3.43,2012
942,Dorothy Mckenzie,32,Finance,126702,3,Bondmouth,2.01,2007
943,Dr. Tonya Gardner,54,IT,108527,25,Port Shannonland,2.03,2024
944,Michelle Owen,46,Operations,119935,24,Goodmouth,1.19,2014
945,Sara Duran,34,HR,60813,3,Ariasshire,2.28,2013
946,Megan Graham,46,IT,142835,8,East Mark,3.62,2009
947,Gregory Johnson,46,Sales,134845,11,South Kaitlyn,4.24,2023
948,Jason Reyes,59,Marketing,50572,0,Lake Rickyhaven,4.06,2015
949,Theresa Perkins,35,Operations,59386,25,Reidburgh,1.9,2014
950,Daniel Patton DDS,43,Sales,85344,26,Melissachester,5.0,2018
951,Daisy Krause,25,Operations,42269,8,East Margaretberg,2.08,2017
952,Thomas Simmons,24,Sales,90854,12,West Joshuastad,3.34,2009
953,Grant Hill,21,IT,94059,30,Lynnfurt,3.31,2021
954,Stephanie Mata,48,Sales,146692,6,Ortizmouth,1.11,2015
955,Dr. Kimberly Roberson MD,33,Marketing,98619,19,East Stephenfurt,3.27,2007
956,Kristine Richards,23,Operations,131918,15,Smithshire,4.49,2005
957,Denise Jones,32,IT,143439,24,East Dawn,4.05,2006
958,Jamie Rush,60,Operations,96178,29,Bellside,3.46,2012
959,Nicole Johnson,44,Marketing,40837,9,Francoborough,3.95,2016
960,Tony Whitaker,49,IT,77936,8,West Kelly,4.78,2024
961,Dale King,37,Sales,143820,19,Sharonstad,4.66,2023
962,Cameron Rios DDS,42,HR,112076,23,Lake Brian,3.29,2006
963,James Baldwin,48,IT,85951,26,Gregorychester,2.64,2020
964,Jessica Stephenson,29,Marketing,107807,7,South Nicole,3.73,2007
965,Chelsea Bryan,42,Marketing,41263,20,North Taylorside,2.11,2010
966,Susan Moreno,39,Operations,72057,33,Port Charlesbury,4.95,2009
967,Erik Lucas,55,Marketing,138553,2,South Kristina,1.35,2020
968,Erica Nelson,27,Sales,36873,21,West Aprilchester,3.37,2020
969,Julia Page,27,Sales,51208,11,West Latoya,2.95,2011
970,Kathleen Howard,55,Marketing,71592,35,South Timothyland,4.63,2007
971,Vickie Williams,40,Operations,125372,17,Port Coltonmouth,4.44,2019
972,Jason Barnes,50,HR,31204,18,Roblesview,1.73,2008
973,Evan Wiggins,46,Operations,111640,8,Tonybury,2.65,2011
974,Sonya Burns,48,Marketing,141070,13,North Amanda,1.58,2009
975,Amy Simon,55,Sales,47037,30,Kellymouth,4.49,2011
976,Kelsey Howell,44,Finance,29753,14,Barnesmouth,2.92,2010
977,Ryan Wilson,35,IT,64350,34,Robinsonshire,4.06,2021
978,Beth Jackson,29,HR,79801,11,New Deborah,4.51,2009
979,Richard Lawson,39,Marketing,121588,18,Port Patrickchester,2.46,2025
980,John Cordova,38,IT,143835,28,South Barbara,3.48,2015
981,Kristin Edwards,46,Finance,103011,8,Smithland,2.77,2017
982,Richard Hernandez,32,Marketing,54506,2,Cooleyhaven,3.3,2011
983,John Ruiz,30,HR,138492,6,New Patriciaburgh,2.56,2010
984,Danielle Thomas,49,IT,71527,4,Powellchester,2.3,2025
985,Sheila Franklin,52,Marketing,68075,30,Seanmouth,2.11,2013
986,Chris Long,31,IT,115483,24,Bradleyview,1.7,2007
987,Christine Moon,54,Marketing,78417,28,East Debramouth,1.07,2022
988,Jared Dean,46,Operations,103309,25,Cherylstad,1.5,2013
989,Brooke Ferguson,46,IT,27026,24,Brendaville,1.24,2010
990,Heather Peters,49,Operations,78657,35,Elliottborough,3.42,2025
991,Carlos Nelson,41,IT,55116,7,East Garrettstad,3.1,2014
992,Lori Goodman,22,Sales,89789,11,Josemouth,1.94,2023
993,Beth Johnson,29,Sales,44826,4,East Mariaberg,3.51,2016
994,Mr. Frank Taylor,36,Marketing,136379,1,West Chad,1.69,2006
995,Mario Pearson,26,Operations,145576,10,Lopezshire,2.72,2008
996,Stephanie Gonzales,29,Marketing,27082,18,Hodgeston,1.12,2007
997,Amber Wright,52,Operations,108421,26,Juliechester,2.25,2011
998,Jasmine Knight,23,Sales,63120,18,Lake Brianbury,3.7,2012
999,Tara Brown,49,Sales,137438,26,Aprilborough,1.31,2014
1000,Eugene Barber,32,Sales,52772,34,Greenburgh,4.85,2022
